agent_ca	مرجع گواهی یگانه‌ای که گواهی‌های کلاینت عامل ماشین را امضا می‌کند؛ کلید آن مهروموم شده است.
agent_claims	کدهای ادعای نصب‌اول که عامل پیش از تأیید مدیر ارائه می‌کند.
agent_enrollment_tokens	توکن‌های یک‌بارمصرف ثبت (ذخیره‌شده به‌صورت درهم‌سازی) برای فرمان‌های نصبی که داشبورد تولید می‌کند.
agents	عامل‌های کششی ثبت‌شده و شماره‌ی سریال گواهی‌هایشان.
application_database_credentials	اعتبارنامه‌های مهروموم‌شده‌ای که برنامه برای هر موتور پایگاه داده‌ی مدیریت‌شده به کار می‌برد.
application_database_env	نام متغیرهای محیطی که اعتبارنامه‌های پایگاه داده از طریق آن‌ها به برنامه می‌رسند.
application_databases	موتورهای پایگاه داده‌ی مدیریت‌شده‌ای که برنامه به آن‌ها وابسته است.
application_env	متغیرهای محیطی برنامه؛ مقادیر مهروموم شده‌اند.
application_health_command	آرگومان‌های مرتب فرمان سفارشی بررسی سلامت برنامه.
application_outcomes	آخرین نتیجه‌ی راه‌اندازی هر برنامه.
applications	برنامه‌هایی که SwarmOps تولید و مستقر می‌کند، با ایمیج، درگاه و محدودیت منابع.
audit_events	سابقه‌ی فقط‌افزودنی هر اقدام اپراتور و مشتری.
audit_event_details	جزئیات کلید-مقدار یک رویداد ممیزی.
command_events	خط زمانی تغییر وضعیت و شواهد هر فرمان.
command_locks	قفل‌های نام‌داری که فرمان‌های غیرهم‌زمان را پشت سر هم اجرا می‌کنند.
command_outputs	جریان‌های خروجی مهروموم‌شده‌ی اجرای یک فرمان.
command_payloads	محموله‌ی ورودی مهروموم‌شده‌ی یک فرمان.
commands	صف پایدار فرمان‌ها: کنش، هدف، وضعیت، تلاش‌ها، اجاره‌ها و جزئیات شکست.
core_authority	سطر یگانه‌ی دوره‌ی اقتدار و هسته‌ی فعال.
core_handoffs	جابه‌جایی‌های برنامه‌ریزی‌شده‌ی اقتدار میان اعضای هسته.
core_members	نمونه‌های شناخته‌شده‌ی هسته و نقش‌هایشان.
database_credentials	اعتبارنامه‌های مدیریتی مهروموم‌شده‌ی موتورهای پایگاه داده‌ی مدیریت‌شده.
dependency_bindings	وابستگی‌های شبکه‌ای اعلام‌شده میان سرویس‌های مسیریابی‌شده.
dns_credential_versions	نسخه‌های اعتبارنامه‌ی ارائه‌دهندگان DNS؛ رازها مهروموم شده‌اند.
dns_records	رکوردهای DNS که SwarmOps نزد ارائه‌دهندگان مدیریت می‌کند.
invoice_lines	یک سطر برای هر پروژه در هر فاکتور: ساعت‌ها و مبلغ.
invoices	فاکتورهای ماهانه با مالیات منظورشده؛ جمع برابر جمع جزء به‌علاوه‌ی مالیات است.
order_items	آنچه سفارش می‌خواهد، با قیمت‌های کپی‌شده در زمان ثبت.
orders	سفارش‌های مشتری و بازبینی آن‌ها.
plan_features	ویژگی‌های فهرست‌شده‌ی یک پلن به هر زبان.
plans	محصولات: پردازنده، حافظه، دیسک، قیمت ساعتی و سقف ماهانه، با توضیح انگلیسی و فارسی.
product_categories	گروه‌های پلن که در فروشگاه نمایش داده می‌شوند.
projects	برنامه‌هایی که از سفارش‌های تأییدشده ایجاد می‌شوند، با وضعیت صورتحساب.
route_certificate_domains	دامنه‌هایی که یک گواهی دروازه پوشش می‌دهد.
route_certificates	گواهی‌های مشاهده‌شده روی دروازه.
route_hosts	نام‌های میزبان و نام‌های مستعار یک مسیر.
route_runtime	وضعیت زمان اجرای مشاهده‌شده‌ی یک مسیر در دروازه.
route_runtime_entry_points	نقاط ورودی که مسیر روی آن‌ها مشاهده شده است.
route_runtime_errors	خطاهایی که دروازه برای یک مسیر گزارش می‌کند.
routes	مسیرهای اعلام‌شده: پروتکل، دامنه، TLS، درگاه هدف و بررسی سلامت.
routing_clusters	تنظیمات دروازه و برنامه‌های جابه‌جایی هر خوشه (سندهای JSON).
routing_domains	دامنه‌هایی که یک خوشه می‌تواند مسیریابی کند.
schema_migrations	مهاجرت‌های اعمال‌شده‌ی طرح‌واره با جمع‌آزمای آن‌ها.
server_agent_events	سابقه‌ی مشاهدات سلامت عامل ماشین برای هر سرور.
server_keys	کلیدهای SSH یا API مهروموم‌شده‌ی سرورهای ذخیره‌شده.
servers	سرورهای ذخیره‌شده، جزئیات اتصال و آخرین سلامت مشاهده‌شده‌ی عامل و Swarm.
service_route_declarations	نحوه‌ی مشارکت هر سرویس در مسیریابی.
source_connections	اتصالات ارائه‌دهندگان Git؛ توکن‌ها مهروموم شده‌اند.
source_private_hosts	میزبان‌های خصوصی Git مجاز برای استقرار از کد منبع.
source_settings	سطر یگانه‌ی تنظیمات استقرار از کد منبع.
support_tickets	گفتگوهای پشتیبانی مشتری.
ticket_messages	پیام‌های درون یک تیکت پشتیبانی.
usage_records	یک ساعت حساب‌شده‌ی یک پروژه؛ UNIQUE(project, hour) از صورتحساب دوباره جلوگیری می‌کند.
user_sessions	نشست‌های فروشگاه: درهم‌سازی توکن، توکن CSRF، انقضا و ابطال.
users	حساب‌های مشتری و مدیر با درهم‌سازی bcrypt گذرواژه.
wallet_transactions	دفتر کل فقط‌افزودنی کیف پول با کلیدهای یکتایی.
wallets	یک کیف پول پیش‌پرداخت برای هر کاربر؛ موجودی نهان هرگز منفی نمی‌شود.
