application_databases	fk_application_databases_application	applications	CASCADE
application_database_env	fk_application_database_env_application	applications	CASCADE
application_env	fk_application_env_application	applications	CASCADE
application_health_command	fk_application_health_command_application	applications	CASCADE
application_outcomes	fk_application_outcomes_application	applications	CASCADE
audit_event_details	fk_audit_event_details_event	audit_events	CASCADE
command_events	fk_command_events_command	commands	CASCADE
command_outputs	fk_command_outputs_command	commands	CASCADE
command_payloads	fk_command_payloads_command	commands	CASCADE
core_handoffs	fk_core_handoffs_from	core_members	RESTRICT
core_handoffs	fk_core_handoffs_to	core_members	RESTRICT
dependency_bindings	fk_dependency_bindings_cluster	routing_clusters	CASCADE
dns_credential_versions	fk_dns_credential_versions_cluster	routing_clusters	CASCADE
dns_records	fk_dns_records_cluster	routing_clusters	CASCADE
invoices	fk_invoices_user	users	RESTRICT
invoice_lines	fk_invoice_lines_invoice	invoices	CASCADE
invoice_lines	fk_invoice_lines_project	projects	SET NULL
orders	fk_orders_reviewer	users	RESTRICT
orders	fk_orders_user	users	RESTRICT
order_items	fk_order_items_order	orders	CASCADE
order_items	fk_order_items_plan	plans	RESTRICT
plans	fk_plans_category	product_categories	RESTRICT
plan_features	fk_plan_features_plan	plans	CASCADE
projects	fk_projects_order_item	order_items	RESTRICT
projects	fk_projects_plan	plans	RESTRICT
projects	fk_projects_user	users	RESTRICT
routes	fk_routes_cluster	routing_clusters	CASCADE
route_certificates	fk_route_certificates_route	routes	CASCADE
route_certificate_domains	fk_route_certificate_domains_certificate	route_certificates	CASCADE
route_hosts	fk_route_hosts_route	routes	CASCADE
route_runtime	fk_route_runtime_cluster	routing_clusters	CASCADE
route_runtime_entry_points	fk_route_runtime_entry_points_runtime	route_runtime	CASCADE
route_runtime_errors	fk_route_runtime_errors_runtime	route_runtime	CASCADE
routing_domains	fk_routing_domains_cluster	routing_clusters	CASCADE
server_agent_events	fk_server_agent_events_server	servers	CASCADE
server_keys	fk_server_keys_server	servers	CASCADE
service_route_declarations	fk_service_route_declarations_cluster	routing_clusters	CASCADE
support_tickets	fk_support_tickets_project	projects	SET NULL
support_tickets	fk_support_tickets_user	users	RESTRICT
ticket_messages	fk_ticket_messages_author	users	RESTRICT
ticket_messages	fk_ticket_messages_ticket	support_tickets	CASCADE
usage_records	fk_usage_records_invoice	invoices	RESTRICT
usage_records	fk_usage_records_project	projects	RESTRICT
usage_records	fk_usage_records_transaction	wallet_transactions	RESTRICT
user_sessions	fk_user_sessions_user	users	CASCADE
wallets	fk_wallets_user	users	RESTRICT
wallet_transactions	fk_wallet_transactions_creator	users	RESTRICT
wallet_transactions	fk_wallet_transactions_wallet	wallets	RESTRICT
